{
    "results": {
        "tool": {
            "name": "pytest",
            "version": "8.4.1"
        },
        "summary": {
            "tests": 2,
            "passed": 2,
            "failed": 0,
            "skipped": 0,
            "pending": 0,
            "other": 0,
            "start": 1782111323.3142767,
            "stop": 1782111323.372947
        },
        "tests": [
            {
                "name": "test_state.py::test_hello_file_exists",
                "status": "passed",
                "duration": 0.0004691248759627342,
                "start": 1782111323.3716207,
                "stop": 1782111323.372263,
                "retries": 0,
                "file_path": "test_state.py"
            },
            {
                "name": "test_state.py::test_hello_file_contents",
                "status": "passed",
                "duration": 0.0003388338955119252,
                "start": 1782111323.3723602,
                "stop": 1782111323.3728063,
                "retries": 0,
                "file_path": "test_state.py"
            }
        ]
    }
}