{
    "results": {
        "tool": {
            "name": "pytest",
            "version": "8.4.1"
        },
        "summary": {
            "tests": 2,
            "passed": 2,
            "failed": 0,
            "skipped": 0,
            "pending": 0,
            "other": 0,
            "start": 1782114242.0668387,
            "stop": 1782114242.0802321
        },
        "tests": [
            {
                "name": "test_state.py::test_output_exists",
                "status": "passed",
                "duration": 0.0004300429718568921,
                "start": 1782114242.0785632,
                "stop": 1782114242.079169,
                "retries": 0,
                "file_path": "test_state.py"
            },
            {
                "name": "test_state.py::test_output_schema",
                "status": "passed",
                "duration": 0.0004870429402217269,
                "start": 1782114242.079299,
                "stop": 1782114242.079898,
                "retries": 0,
                "file_path": "test_state.py"
            }
        ]
    }
}