{
    "results": {
        "tool": {
            "name": "pytest",
            "version": "8.4.1"
        },
        "summary": {
            "tests": 2,
            "passed": 2,
            "failed": 0,
            "skipped": 0,
            "pending": 0,
            "other": 0,
            "start": 1782472327.1762705,
            "stop": 1782472327.190691
        },
        "tests": [
            {
                "name": "test_state.py::test_output_exists",
                "status": "passed",
                "duration": 0.0006349169999566584,
                "start": 1782472327.1887066,
                "stop": 1782472327.18957,
                "retries": 0,
                "file_path": "test_state.py"
            },
            {
                "name": "test_state.py::test_output_schema",
                "status": "passed",
                "duration": 0.0005709149999688634,
                "start": 1782472327.1896935,
                "stop": 1782472327.1904302,
                "retries": 0,
                "file_path": "test_state.py"
            }
        ]
    }
}