{
    "results": {
        "tool": {
            "name": "pytest",
            "version": "8.4.1"
        },
        "summary": {
            "tests": 2,
            "passed": 2,
            "failed": 0,
            "skipped": 0,
            "pending": 0,
            "other": 0,
            "start": 1782095256.0520875,
            "stop": 1782095256.0669203
        },
        "tests": [
            {
                "name": "test_state.py::test_output_exists",
                "status": "passed",
                "duration": 0.00046200002543628216,
                "start": 1782095256.0655296,
                "stop": 1782095256.0661745,
                "retries": 0,
                "file_path": "test_state.py"
            },
            {
                "name": "test_state.py::test_output_schema",
                "status": "passed",
                "duration": 0.00037387607153505087,
                "start": 1782095256.0662868,
                "stop": 1782095256.0667589,
                "retries": 0,
                "file_path": "test_state.py"
            }
        ]
    }
}