{
    "results": {
        "tool": {
            "name": "pytest",
            "version": "8.4.1"
        },
        "summary": {
            "tests": 2,
            "passed": 2,
            "failed": 0,
            "skipped": 0,
            "pending": 0,
            "other": 0,
            "start": 1782095191.5243168,
            "stop": 1782095191.543204
        },
        "tests": [
            {
                "name": "test_state.py::test_output_exists",
                "status": "passed",
                "duration": 0.0008732090936973691,
                "start": 1782095191.5402873,
                "stop": 1782095191.5416315,
                "retries": 0,
                "file_path": "test_state.py"
            },
            {
                "name": "test_state.py::test_output_schema",
                "status": "passed",
                "duration": 0.0007169180316850543,
                "start": 1782095191.5419726,
                "stop": 1782095191.5428853,
                "retries": 0,
                "file_path": "test_state.py"
            }
        ]
    }
}