{
    "results": {
        "tool": {
            "name": "pytest",
            "version": "8.4.1"
        },
        "summary": {
            "tests": 2,
            "passed": 2,
            "failed": 0,
            "skipped": 0,
            "pending": 0,
            "other": 0,
            "start": 1782095237.5518246,
            "stop": 1782095237.5688972
        },
        "tests": [
            {
                "name": "test_state.py::test_output_exists",
                "status": "passed",
                "duration": 0.0008773340377956629,
                "start": 1782095237.566233,
                "stop": 1782095237.5674145,
                "retries": 0,
                "file_path": "test_state.py"
            },
            {
                "name": "test_state.py::test_output_schema",
                "status": "passed",
                "duration": 0.0007777501596137881,
                "start": 1782095237.56759,
                "stop": 1782095237.5685875,
                "retries": 0,
                "file_path": "test_state.py"
            }
        ]
    }
}