{
    "results": {
        "tool": {
            "name": "pytest",
            "version": "8.4.1"
        },
        "summary": {
            "tests": 2,
            "passed": 2,
            "failed": 0,
            "skipped": 0,
            "pending": 0,
            "other": 0,
            "start": 1782095198.9892633,
            "stop": 1782095199.0072498
        },
        "tests": [
            {
                "name": "test_state.py::test_output_exists",
                "status": "passed",
                "duration": 0.0007030830020084977,
                "start": 1782095199.0051897,
                "stop": 1782095199.006158,
                "retries": 0,
                "file_path": "test_state.py"
            },
            {
                "name": "test_state.py::test_output_schema",
                "status": "passed",
                "duration": 0.0005657080328091979,
                "start": 1782095199.0063145,
                "stop": 1782095199.0070403,
                "retries": 0,
                "file_path": "test_state.py"
            }
        ]
    }
}