{
    "results": {
        "tool": {
            "name": "pytest",
            "version": "8.4.1"
        },
        "summary": {
            "tests": 2,
            "passed": 2,
            "failed": 0,
            "skipped": 0,
            "pending": 0,
            "other": 0,
            "start": 1782188046.3536026,
            "stop": 1782188046.38372
        },
        "tests": [
            {
                "name": "test_state.py::test_hello_file_exists",
                "status": "passed",
                "duration": 0.00045666820369660854,
                "start": 1782188046.3819723,
                "stop": 1782188046.3826268,
                "retries": 0,
                "file_path": "test_state.py"
            },
            {
                "name": "test_state.py::test_hello_file_contents",
                "status": "passed",
                "duration": 0.0006835001986473799,
                "start": 1782188046.3827367,
                "stop": 1782188046.3835495,
                "retries": 0,
                "file_path": "test_state.py"
            }
        ]
    }
}