{
  "source_dataset": "MatrAIx/MatrAIx",
  "source_artifact": "amazon/modal_artifacts/amazon_reviews_2018_2023_eligible_users_min30_verified70_text2000",
  "source_rows": 1744018,
  "selected_rows": 10000,
  "eligibility_filter_in_source_artifact": {
    "time_window": "2018-2023",
    "review_count": ">= 30",
    "verified_share": ">= 0.70",
    "text_chars": ">= 2000"
  },
  "ranking_weights": {
    "text_chars": 0.35,
    "text_reviews": 0.2,
    "category_count": 0.2,
    "history_days": 0.15,
    "review_count": 0.05,
    "verified_share": 0.05
  },
  "selected_quantiles": {
    "review_count": {
      "0": 84.0,
      "0.25": 170.0,
      "0.5": 218.0,
      "0.75": 294.0,
      "0.9": 405.0,
      "0.99": 833.0100000000002,
      "1.0": 4072.0
    },
    "text_reviews": {
      "0": 84.0,
      "0.25": 170.0,
      "0.5": 218.0,
      "0.75": 294.0,
      "0.9": 405.0,
      "0.99": 833.0100000000002,
      "1.0": 4072.0
    },
    "text_chars": {
      "0": 16505.0,
      "0.25": 37328.75,
      "0.5": 53288.5,
      "0.75": 82207.0,
      "0.9": 128656.30000000002,
      "0.99": 366813.52000000025,
      "1.0": 2604472.0
    },
    "category_count": {
      "0": 16.0,
      "0.25": 20.0,
      "0.5": 21.0,
      "0.75": 23.0,
      "0.9": 24.0,
      "0.99": 27.0,
      "1.0": 31.0
    },
    "history_days": {
      "0": 1730.0,
      "0.25": 1854.0,
      "0.5": 1876.0,
      "0.75": 1891.0,
      "0.9": 1901.0,
      "0.99": 1927.0,
      "1.0": 1982.0
    },
    "verified_share": {
      "0": 0.7002652519893899,
      "0.25": 0.9529565484730478,
      "0.5": 0.9772727272727273,
      "0.75": 0.988950276243094,
      "0.9": 0.9954358655043586,
      "0.99": 1.0,
      "1.0": 1.0
    },
    "rich_persona_score": {
      "0": 0.9319386468488283,
      "0.25": 0.9370641135871303,
      "0.5": 0.9434582957285991,
      "0.75": 0.951713188309983,
      "0.9": 0.960082318531116,
      "0.99": 0.9734579830884773,
      "1.0": 0.9848021350697068
    }
  }
}
