{
    "results": {
        "tool": {
            "name": "pytest",
            "version": "8.4.1"
        },
        "summary": {
            "tests": 2,
            "passed": 2,
            "failed": 0,
            "skipped": 0,
            "pending": 0,
            "other": 0,
            "start": 1782472267.7537827,
            "stop": 1782472267.7662654
        },
        "tests": [
            {
                "name": "test_state.py::test_output_exists",
                "status": "passed",
                "duration": 0.0004789179999420412,
                "start": 1782472267.7646828,
                "stop": 1782472267.7653527,
                "retries": 0,
                "file_path": "test_state.py"
            },
            {
                "name": "test_state.py::test_output_schema",
                "status": "passed",
                "duration": 0.0004524990000049911,
                "start": 1782472267.7654688,
                "stop": 1782472267.7660856,
                "retries": 0,
                "file_path": "test_state.py"
            }
        ]
    }
}