{
    "results": {
        "tool": {
            "name": "pytest",
            "version": "8.4.1"
        },
        "summary": {
            "tests": 2,
            "passed": 2,
            "failed": 0,
            "skipped": 0,
            "pending": 0,
            "other": 0,
            "start": 1782095246.047531,
            "stop": 1782095246.0685647
        },
        "tests": [
            {
                "name": "test_state.py::test_output_exists",
                "status": "passed",
                "duration": 0.0011055010836571455,
                "start": 1782095246.0614328,
                "stop": 1782095246.0630198,
                "retries": 0,
                "file_path": "test_state.py"
            },
            {
                "name": "test_state.py::test_output_schema",
                "status": "passed",
                "duration": 0.004787209094502032,
                "start": 1782095246.0632267,
                "stop": 1782095246.0681927,
                "retries": 0,
                "file_path": "test_state.py"
            }
        ]
    }
}