{
    "results": {
        "tool": {
            "name": "pytest",
            "version": "8.4.1"
        },
        "summary": {
            "tests": 2,
            "passed": 2,
            "failed": 0,
            "skipped": 0,
            "pending": 0,
            "other": 0,
            "start": 1782095196.2589016,
            "stop": 1782095196.2815347
        },
        "tests": [
            {
                "name": "test_state.py::test_output_exists",
                "status": "passed",
                "duration": 0.0008381250081583858,
                "start": 1782095196.2790146,
                "stop": 1782095196.2801445,
                "retries": 0,
                "file_path": "test_state.py"
            },
            {
                "name": "test_state.py::test_output_schema",
                "status": "passed",
                "duration": 0.0007859169272705913,
                "start": 1782095196.2803116,
                "stop": 1782095196.2812848,
                "retries": 0,
                "file_path": "test_state.py"
            }
        ]
    }
}