{
    "results": {
        "tool": {
            "name": "pytest",
            "version": "8.4.1"
        },
        "summary": {
            "tests": 2,
            "passed": 2,
            "failed": 0,
            "skipped": 0,
            "pending": 0,
            "other": 0,
            "start": 1782095244.9976914,
            "stop": 1782095245.0267944
        },
        "tests": [
            {
                "name": "test_state.py::test_output_exists",
                "status": "passed",
                "duration": 0.0023745419457554817,
                "start": 1782095245.0195894,
                "stop": 1782095245.0223987,
                "retries": 0,
                "file_path": "test_state.py"
            },
            {
                "name": "test_state.py::test_output_schema",
                "status": "passed",
                "duration": 0.002492956933565438,
                "start": 1782095245.0227304,
                "stop": 1782095245.0256128,
                "retries": 0,
                "file_path": "test_state.py"
            }
        ]
    }
}